partner,priority,relationship_state,actual_SHK_reach,decision_maker,last_action_Berlin,follow_up_due_now,partner_value_hypothesis,objection_or_friction,best_next_action,introduction_capable,exact_advancement_trigger
"Innung SHK Berlin","1","ACCEPTED / WAITING first reply","Trusted Berlin SHK member ecosystem; no reachable ICP count verified","Dr. Jörg Lippert","2026-09-28 13:21 LI procedure question","NO","Neutral member learning about office clarification effort","Hypothesis: neutrality and member consent; no reply yet","Apply only the procedure he approves; then ONE voluntary introduction","NOT YET","Specific procedural reply + interested member consent"
"Handwerker Expertencheck","2","LEGITIMATE EXCHANGE / WAITING conversion reply","Published SHK guest article and real editorial relationship; reader ICP reach unmeasured","Michaela Wirsich","2026-09-28 19:34:12 in-thread introduction ask","YES—new contextual question EXECUTED","Reader feedback can improve practical editorial usefulness","Observed: author link depends on listing; listing document review pending; introduction role unconfirmed","ONE opt-in reader introduction requested; do not resend/listing-nudge","NOT YET","Explicit willingness to ask one suitable reader, then reader opt-in"
"Küster & Friends / SaniKue","3","INVITED VENDOR ROUTE / WAITING","Own circa350 trade buyers claim; Berlin/Brandenburg relationship unknown","Partner team; named referral decision-maker not yet established","2026-09-27 20:46:15 email ONE voluntary intro ask","NO","Potential complementary service for supplier customers","Hypothesis: geography and pre-pilot trust; no human reply","On reply establish local small-SHK fit; ask customer permission before forwarding","NOT YET","Reply confirms scope + willingness to ask ONE customer"
"NET4AI / TWZ","4","INVITED PARTICIPATION ROUTE / WAITING","Regional KI/Handwerk ecosystem and 2026 event; actual SHK participants/count unknown","Anja Beuster","2026-09-27 21:47:17 procedure email","NO","Useful concrete office-process problem for regional digitization exchange","Hypothesis: neutral format and opt-in recruitment; no eligibility reply","Follow allowed written procedure, not a promotional event signup","NOT YET","Procedure accepted + ONE interested suitable SHK member"
"HOLD & SPADA","5","INVITATION PENDING / no new acceptance","Multiple named SHK website clients; current small/local subset unknown","Chris Kucharz","2026-09-28 personal LI invitation","NO","Complement website delivery with clearer intake handoff","Hypothesis: added website support burden and chatbot overlap","After acceptance ask whether intake gap recurs in current clients","NOT YET","Accept connection and agree to a relevant written exchange; verify ongoing small-SHK relationship before ONE opt-in introduction ask"
"shk-aktiv²","6","INVITATION PENDING / no new acceptance","Named SHK ERFA clients; sizes12/15/16/90 examples exceed1-10; historical300 is not current count","Jan-Steffen Adlunger; Hubert A. Verständig not LI-matched","2026-09-28 personal LI invitation to Jan-Steffen","NO","Practical office-organization learning for ERFA members","Hypothesis: existing coaching solutions and smaller/local member fit","After acceptance request neutral written learning with ONE suitable willing member","NOT YET","Accept connection and agree to a relevant written exchange; verify ongoing small-SHK relationship before ONE opt-in introduction ask"
"Unternehmensentwicklung Handwerk","7","INVITATION PENDING / no new acceptance","Multiple named SHK consulting relationships; ICP/geography unconfirmed","Alfons Kock","2026-09-28 personal LI invitation","NO","Concrete supplementary office-process experiment; retains advisor relationship","Hypothesis: pre-pilot risk, consulting overlap and scarce advisor time","After relevant reply check one ongoing relationship and opt-in forwarding","NOT YET","Accept connection and agree to a relevant written exchange; verify ongoing small-SHK relationship before ONE opt-in introduction ask"
"LSH","8","INVITATION PENDING / no new acceptance","Own >350 SHK members; subset1-10 Berlin/Brandenburg unknown","Claus Stegmann","2026-09-28 personal LI invitation","NO","Member office-efficiency problem fits business-advice remit","Hypothesis: membership/vendor conditions and existing digital solutions","After acceptance ask whether a neutral written member exchange fits","NOT YET","Accept connection and agree to a relevant written exchange; verify ongoing small-SHK relationship before ONE opt-in introduction ask"
"ITSM","","INVITATION PENDING","Berlin/Wildau presence; Wolf & Poser >20 staff in Meerane, not small/local proof","Rico Möbius, Head of Sales /Prokurist","2026-09-28 personal LI invitation","NO","Upstream intake could reduce later ERP clarification","Hypothesis: integration/pre-pilot threshold; pds reseller is not our referral permission","Verify any independent small-SHK introduction route after reply","NOT YET","Accept connection and agree to a relevant written exchange; verify ongoing small-SHK relationship before ONE opt-in introduction ask"
"Mainmetall Digital+","","INVITATION PENDING","SHK wholesale/software ecosystem; existing interface programme, ICP reach unverified","Alexander Hörst, E-Business contact","2026-09-28 personal LI invitation","NO","Possible earlier inquiry handoff independent of product ordering","Observed: programme centers on interfaces; Meisterpfad overlap","After reply ask if non-integrated written referral test is eligible","NOT YET","Acceptance + explicit non-integration referral eligibility; no new integration build"
"GARANT Bad + Haus","","INVITATION PENDING","Own >700 national SHK entrepreneur claim, not our accessible buyers","Meinolf Buschmann","2026-09-28 personal LI invitation","NO","Potential useful customer-service supplement for network members","Hypothesis: vendor onboarding/member rules, existing offerings","After exchange request ONE member opt-in, not network promotion","NOT YET","Accept connection and agree to a relevant written exchange; verify ongoing small-SHK relationship before ONE opt-in introduction ask"
"Bleckmann","","INVITATION PENDING","Named diga80/Borgmann35 ERP clients; examples outside buyer size","Jan-Niklas Thomaskamp","2026-09-28 personal LI invitation","NO","Potential upstream intake information before ERP processing","Hypothesis: current small/local client fit and integration threshold","Clarify complementary scope and one eligible current relationship","NOT YET","Accept connection and agree to a relevant written exchange; verify ongoing small-SHK relationship before ONE opt-in introduction ask"
"Großbecker & Nordt","","INVITATION PENDING","Sanitherm/pds cloud relationship; repeat/local small-SHK access unknown","Marcus Grossbecker","2026-09-28 personal LI invitation","NO","Earlier complete intake might simplify IT-supported workflows","Hypothesis: ERP overlap and geography","Verify repeated current small-SHK relationship before asking introduction","NOT YET","Accept connection and agree to a relevant written exchange; verify ongoing small-SHK relationship before ONE opt-in introduction ask"
"Vibrand Design","","INVITATION PENDING","HGZ Berlin website reference; one client basis, repeat access unknown","Dennis Karg","2026-09-28 personal LI invitation","NO","Complement existing web design with office intake handoff","Hypothesis: ongoing relationship and client size; agency maintenance workload","Verify current client link, then ONE voluntary customer question","NOT YET","Accept connection and agree to a relevant written exchange; verify ongoing small-SHK relationship before ONE opt-in introduction ask"
"handwerk.live","","INVITATION PENDING","Multiple named SHK coaching clients; mixed-trade232 not SHK count; Berlin event historical2021","Thorsten Moortz","2026-09-28 personal LI invitation","NO","Concrete office-process example for existing coaching","Hypothesis: overlapping consultancy and no local small-member proof","Seek written reciprocal practice exchange before any introduction","NOT YET","Accept connection and agree to a relevant written exchange; verify ongoing small-SHK relationship before ONE opt-in introduction ask"
"Querschiesser","","INVITATION PENDING","Repeated SHK consulting/survey access; number and local subset unknown","Hans-Arno Kloep","2026-09-28 personal LI invitation","NO","Qualitative problem evidence relevant to industry analysis","Hypothesis: market-research costs and client confidentiality","Ask ONE voluntary practice exchange after mutual context, not survey/list purchase","NOT YET","Accept connection and agree to a relevant written exchange; verify ongoing small-SHK relationship before ONE opt-in introduction ask"
"bad & heizung concept AG","","INVITATION PENDING","Own44/47 network inconsistency; national SHK firms, local small subset unknown","Thomas Wienforth","2026-09-28 personal LI invitation","NO","Digital customer-service topic for peer-learning network","Hypothesis: market-partner selection and existing software","Confirm fit of one neutral written member exchange after acceptance","NOT YET","Accept connection and agree to a relevant written exchange; verify ongoing small-SHK relationship before ONE opt-in introduction ask"
"Schmiede Digital","","INVITATION PENDING","SHK-Nord website example; repeat/current small-SHK access unverified","Maik Braun","2026-09-28 personal LI invitation","NO","Complement website service with structured inquiry transition","Hypothesis: website/AI-service overlap and support load","Verify current customer relationship and scope","NOT YET","Accept connection and agree to a relevant written exchange; verify ongoing small-SHK relationship before ONE opt-in introduction ask"
"immersight","","INVITATION PENDING","Multiple named SHK clients Keller/Hausmann/Weirich/Boger/Meerwart;750+ mixed customers not SHK count","Fabian Klaus Otto Weiss","2026-09-28 personal LI invitation","NO","Potential earlier handoff into digital customer advice","Hypothesis: showroom/workroom overlap and pre-pilot reliability","First verify complementary gap and local small-customer relationship","NOT YET","Accept connection and agree to a relevant written exchange; verify ongoing small-SHK relationship before ONE opt-in introduction ask"
"echte media","","INVITATION PENDING","SHK references and SHK eG collaboration; mixed750+ not small-SHK access","Marc Meyer","2026-09-28 personal LI invitation","NO","Potential cleaner website-generated inquiries for agency customers","Hypothesis: acquisition-service overlap and support burden","After exchange seek one voluntary office-process test","NOT YET","Accept connection and agree to a relevant written exchange; verify ongoing small-SHK relationship before ONE opt-in introduction ask"
"wirsindhandwerk /WSH","","INVITATION PENDING","Named Keller/Simon/Cerra/Heizungsdoc links; Berlin example; current reachable subset unknown","Andreas Owen; Moritz Storck not contacted","2026-09-28 personal LI invitation to Andreas","NO","Customer communication complement to review-driven reputation","Hypothesis: platform/vender fit and feedback-feature overlap","Verify willingness for one opt-in client exchange, not review signup","NOT YET","Accept connection and agree to a relevant written exchange; verify ongoing small-SHK relationship before ONE opt-in introduction ask"
"Hottgenroth","","INVITATION PENDING","SHK software/trade ecosystem; named planning/Austrian relationships; German small subset unknown","Björn Wolff","2026-09-28 personal LI invitation","NO","Potential upstream clarification before planning/office software","Hypothesis: existing intake functions, integration and pre-pilot requirements","Clarify non-integrated complementary introduction route","NOT YET","Accept connection and agree to a relevant written exchange; verify ongoing small-SHK relationship before ONE opt-in introduction ask"
"OMR Reviews","","APPLICATION RECEIVED / WAITING scope and review","General software directory; SHK buyer reach not established","Christin Wroblowski /review team","2026-09-28 14:11:31 consent-scope clarification","NO","Accurate transparent directory classification","Observed: ambiguous confirmation language; no scope reply","Activate only application-specific confirmation after scope clear; verify status","NO—listing route","Explicit application/status-only scope + resulting status proof"
"Trovarit /IT-Matchmaker","","REGISTRATION INITIATED / WAITING written marketing exclusion; final account NOT completed","Software matching marketplace; small SHK demand/intro reach unconfirmed","Markus Kloppenburg","2026-09-29 11:39:58 contextual licence clarification SENT VERIFIED; registration-link receipt11:34:35","NO","Accurate niche profile for matching searches","Observed: licence31Mar2025 §5.2 bundled direct marketing/research + connected-company sharing; matching demand still uncertain","Await explicit written §5.2 exclusion under§7.3; only then owner agreement approval before final registration","NO—listing route","Written exclusion of marketing/data-sharing + owner licence approval; required confirmation expires2026-10-02 11:34:35, no automatic resend"
"AS-Infodienste","","BLOCKED FOR LEGITIMATE ACCESS","SHK NRW/Thüringen framework access; actual users and local subset unknown","Andreas Schlacht","2026-09-28 legitimate-route qualification; no send","NO","Potential website/telephone handoff complement","Observed: unsolicited promotions rejected; no matched professional route","Do not cold-email; advance only on opted-in/open cooperation route","NOT YET","Verified professional connection/permission or explicit complementary-vendor invitation"
"HMP Computer","","CONDITIONAL / ACCESS BLOCKED","One Schwabach SHK reference; Schönefeld agency, ongoing/repeat access unknown","Jan Herescu","2026-09-28 identity check; no send","NO","Possible website-to-office supplement","Observed: professional identity unmatched; one relationship may be historical","Use only a verified relevant professional or invited cooperation route","NOT YET","Role match + ongoing suitable SHK link + legitimate contact basis"
"IT-Systemhaus Ruhrgebiet","","CONDITIONAL / DEPRIORITIZED","One WILGENBUS Witten reference; no local/repeated small-SHK proof","Nils Kathagen","2026-09-28 source qualification; no send","NO","Possible IT-supported intake complement","Hypothesis: region/size and insufficient repeat access","Keep below stronger existing routes; no cold introduction ask","NOT YET","Evidence of ongoing local small-SHK access and legitimate relationship"
"mobile offer","","CONDITIONAL / ACCESS BLOCKED","Own90+ supplier/software/association partners, not90 buyers","Axel Dittmann /Gerald Bax","2026-09-28 qualification; no send","NO","Only if separate unmet pre-intake gap exists","Observed: upstream AI/intake overlap; no matched LI/invited vendor route","No demo/trial purchase; advance only on real complementary invitation","NOT YET","Verified opted-in route + non-competing gap + small/local SHK relationship"
"BIT Cottbus /HWK","","WAITING specific procedural reply","Regional chamber cooperation support; particular SHK1-10 access unverified","Marcel Behla","2026-09-27 20:56:58 procedure email","NO","Local practical learning on office digitization","Hypothesis: eligibility and institutional neutrality","Use approved written voluntary exchange format only","NOT YET","Specific procedure approved + interested suitable firm"
"Make Innovation Handwerk /MIH","","WAITING format reply","National Handwerk innovation network; actual SHK/local users unknown","Stephan Blank","2026-09-27 20:57:15 format email","NO","Useful neutral problem case for innovation learning","Observed: platform forbids self-promotion; account/terms not accepted","Use only approved neutral format, no price/lead CTA","NOT YET","Format permission + permitted account steps + voluntary member participation"
"Fachverband SHK Brandenburg","","WAITING email/connection; no new acceptance","Own13 Innungen/~500 firms claim; counts not permission","Leona Heymann","2026-09-23 LI invitation; older14Sep14:09 email pending","NO","Member office-efficiency learning locally","Hypothesis: neutrality and member privacy; no reply","No parallel Innung/staff approach; follow permitted opt-in procedure","NOT YET","Human process reply or accepted professional exchange + member consent"
"ieQ","","INVITATION PENDING","Named websites HIB/HSK Fläming; actual ongoing relationship/size needs verification","Tobias Haking","2026-09-28 personal LI invitation in Run2","NO","Potential complement to existing SHK web service","Observed: adjacent chatbots; replacement claim prohibited","Verify current client relationship and unmet intake gap after acceptance","NOT YET","Accept connection and agree to a relevant written exchange; verify ongoing small-SHK relationship before ONE opt-in introduction ask"
"Gestaltungsfreunde","","INVITATION PENDING","Einecke website reference; current/repeat ICP link unverified","Michaela Huss","2026-09-28 personal LI invitation in Run2","NO","Possible supplement to website delivery","Hypothesis: one-client evidence and ongoing support relationship","Verify active suitable client then ask one opt-in forwarding","NOT YET","Accept connection and agree to a relevant written exchange; verify ongoing small-SHK relationship before ONE opt-in introduction ask"
"Agentur ID","","INVITATION PENDING / no new acceptance","Named SHK references plus Lindow website credit; local small subset unknown","Stephanie Cacciatore","2026-09-13 22:38 personal LI invitation","NO","Potential web-to-office intake complement","Hypothesis: no ongoing client authority; provider scope","No reminder or second staff contact; await contextual opening","NOT YET","Accept connection and agree to a relevant written exchange; verify ongoing small-SHK relationship before ONE opt-in introduction ask"
"Heinrich VOSS /Anke Voss","","ACCEPTED / WAITING practice reply","Accepted SHK industry professional; one operating company, repeat intermediary access unverified; outside validated buyer ICP","Anke Voss","2026-09-28 19:32 first professional question","YES—first contextual question EXECUTED","Small written exchange relevant to her existing leadership/digitalization topic","Hypothesis: no office insight or suitable peer relationship; no answer yet","If substantive reply, establish recurring gap and willingness for a ONE opt-in peer introduction","NOT YET","Substantive reciprocal reply + current suitable peer link + voluntary introduction willingness"
"Agentur Davidt","","DOWNRANKED / CLOSED current bridge","Historical Bensch website work; no ongoing installer operations involvement","Patrick Davidt","2026-09-28 19:23 courtesy closure after14:25 reply","NO","No present conversion value established","Observed: no ongoing installer-business involvement; cannot answer inquiry question","No further problem/introduction ask","NO","Only a materially new ongoing relationship offered by Patrick"
"pds","","DEFERRED UNTIL FIRST PILOT/USE","Established SHK software ecosystem; not our accessible buyer count","Jonah Kröger","2026-09-28 13:27:49 human rejection/defer reply","NO","Possible later demonstrable complementary workflow","Observed: product demonstrable and used/tested by first customer required; direct-call business model","Do not seek another staff member or build integration to gain intro","NO—current gate","Actual first-customer trial/use evidence; written format must still fit"
"rechnung-handwerk","","DEFERRED UNTIL PRACTICAL/PILOT EVIDENCE","SHK editorial audience; no approved buyer-intro procedure","Sven; full name not established in reused record","2026-09-27 human reply","NO","Later credible practical experience content","Observed: practical/pilot evidence required","No resend; return only with genuine practical evidence","NO—current gate","Verifiable pilot/practice evidence + renewed editorial invitation"
"plancraft","","CLOSED","Handwerk software ecosystem, no permitted current bridge","Previously contacted partner team","2026-09-25 rejection","NO","No current reciprocal value agreed","Observed: priorities/capacity, not buyer price rejection","No follow-up or other staff bypass","NO","Partner voluntarily reopens with material new context"
"DigiWerkstatt 4.B","","INVITATION PREVIOUSLY SENT / LIVE PENDING; older READY superseded","Existing SHK/TGA digitization network evidence; current suitable small/local customer subset unknown","Andre Voller, DigiWerkstatt4.B digitization adviser","Previous invitation send date not recovered; live Ausstehend verified2026-09-28 around20:56; NO new send","NO","Neutral learning about office-process gaps; Anke is a verified mutual contact, not an authorized introducer","Observed pending invitation; Berni intake/process offering may overlap; no reciprocal exchange","Await acceptance/reply; use mutual contact only if she voluntarily offers a relevant introduction","NOT YET","Restore native authenticated UI:29Sep check blocked bykernelassets/oserror3;lastpendingverified28Sep. Check acceptance + reciprocal written context before next ONE opt-in step;no resend or automatic message"
"SHKE Radio /hsn","","PERSONAL NETWORKING INVITATION SENT VERIFIED / WAITING","Repeated SHK practitioner/industry podcast relationships; audience/1-10 BerlinBrandenburg accessible buyer count unverified","Dennis Hoeldtke, CEO hsn and SHKE Radio productowner","2026-09-28 continuation20:49–20:58 Berlin: first personal LI invitation245characters; toast+Ausstehend verified","NO","Useful neutral written inquiry-handling practice question for sector dialogue; no audio participation required or promised","Hypothesis: written scope outside usual audio format, pre-pilot trust and suitable-reader access; no introduction willingness","On acceptance ask whether one short written practice question fits; no sales pitch, fee, voice/video or broadcast request","NOT YET","Restore native authenticated UI:29Sep check blocked bykernelassets/oserror3;lastpendingverified28Sep. Check acceptance + reciprocal written context before next ONE opt-in step;no resend or automatic message"
"Digital Affin","Distribution / SECONDARY","FREE BASIS PROFILE SUBMITTED / REVIEW PENDING","Own Handwerker Software directory covers trade tools inclSHK; suitable small/local readership and direct introduction access unverified","Jan Siebert, founder/editor + managing director perownimprint;no matchedLIprofile","2026-09-29 11:51:13 receipt1a0ec93704b0f71a;requiredaccountemailconfirmed","NO","Accurate niche intake category for software-seeking readers;explicit free vendor submission","Observed: editorial review before publication;no suitableSHKaudience count/intro willingness confirmed","Await review;resolve only requested factual edits;verifypublicprofile before countingmention/exposure","NO—listing route","Editorialapproval/publishedaccurateprofile or specific reviewerrequest;no time-onlyreminder/no paidplacement/no newsletter"
