record_id,company,state,terminal_change_this_run,website,evidence_urls,verified_signal,exact_missing_evidence,location,SHK_relevance,size_evidence,decision_maker,inquiry_relevance,lawful_access_possibilities,access_gate,reviewed_date,source_snapshot
A1,Beuther,WAITING FOR SPECIFIC EVIDENCE,no,https://www.beuthers.de/,https://www.beuthers.de/ | https://www.beuthers.de/unternehmen | https://de.linkedin.com/company/beuther,Beuther:موقع وخدمات شركة؛ LinkedIn المزود لم يفتح؛ لا إجمالي كامل.,إجمالي كامل حالي؛ تفاصيل استقبال الخدمة.,,,,,,,لا إذن ترويج مثبت؛ النماذج والعناوين العامة ليست موافقة.,2026-09-28,.private/evidence/shk-run1-2026-09-28/raw/A1.json
A2,Trautsch,WAITING FOR SPECIFIC EVIDENCE,no,https://www.trautsch-gmbh.de/,https://www.trautsch-gmbh.de/ | https://www.trautsch-gmbh.de/ueber-uns | https://de.linkedin.com/company/heizungs--und-sanitär-gmbh-r-trautsch,Trautsch:إصلاح انسدادات وصيانة وخدمة طوارئ؛ خبرة30 سنة ليست حجمًا.,إجمالي كامل حالي؛ استقبال طلب غير طارئ غير مهيكل.,,,,,,,لا إذن ترويج مثبت؛ النماذج والعناوين العامة ليست موافقة.,2026-09-28,.private/evidence/shk-run1-2026-09-28/raw/A2.json
A4,Peer Henning,WAITING FOR SPECIFIC EVIDENCE,no,https://www.henning-shk.de/,https://www.henning-shk.de/ | https://www.henning-shk.de/startseite/unternehmen/,Peer Henning:SHK في Berlin/Brandenburg؛ خبرة وفريق دون رقم.,إجمالي كامل حالي؛ مسار طلب خدمة محدد.,,,,,,,لا إذن ترويج مثبت؛ النماذج والعناوين العامة ليست موافقة.,2026-09-28,.private/evidence/shk-run1-2026-09-28/raw/A4.json
A5,renotec / Renovira,WAITING FOR SPECIFIC EVIDENCE,no,https://www.renotec-shk.de/,https://www.renotec-shk.de/,renotec/Renovira:إصلاح وتجديد؛ مراجعات العملاء لا تثبت عدد العاملين؛ لم ينشأ سجل جديد.,إجمالي كامل حالي واسم الكيان القانوني الحالي؛ استقبال الخدمة.,,,,,,,لا إذن ترويج مثبت؛ النماذج والعناوين العامة ليست موافقة.,2026-09-28,.private/evidence/shk-run1-2026-09-28/raw/A5.json
A6,Rossoll,WAITING FOR SPECIFIC EVIDENCE,no,https://www.rossoll.de/,https://www.rossoll.de/ | https://www.rossoll.de/notdienst | https://www.rossoll.de/ueber-uns,Rossoll:صفحة FAQ تسأل عن عدد الموظفين لكن تجيب بوصف مهني بلا رقم؛ خدمة وإصلاح واضحة.,إجمالي كامل حالي؛ تفاصيل استقبال الخدمة خارج الطوارئ.,,,,,,,لا إذن ترويج مثبت؛ النماذج والعناوين العامة ليست موافقة.,2026-09-28,.private/evidence/shk-run1-2026-09-28/raw/A6.json
B1,Jens Reischke,WAITING FOR SPECIFIC EVIDENCE,no,https://jensreischke.de/,https://jensreischke.de/,Jens Reischke:مصدر الشركة قائم؛ استخراج مختلط بلا بيان إجمالي صالح.,إجمالي كامل حالي؛ تفاصيل الخدمة/الاستقبال، لا استنتاج من شيفرة الصفحة.,,,,,,,لا إذن ترويج مثبت؛ النماذج والعناوين العامة ليست موافقة.,2026-09-28,.private/evidence/shk-run1-2026-09-28/raw/B1.json
B2,Holger Wegner,WAITING FOR SPECIFIC EVIDENCE,no,https://www.shk-wegner.de/,https://www.shk-wegner.de/,Holger Wegner:SHK/Falkensee وتركيب وإصلاح؛ فريق دون رقم.,إجمالي كامل حالي؛ تفاصيل استقبال طلب الخدمة.,,,,,,,لا إذن ترويج مثبت؛ النماذج والعناوين العامة ليست موافقة.,2026-09-28,.private/evidence/shk-run1-2026-09-28/raw/B2.json
B4,Balic,WAITING FOR SPECIFIC EVIDENCE,no,https://balic-shk.de/,https://balic-shk.de/ | https://balic-shk.de/ueber-uns/,Balic:SHK وPrivatkunden/Hausverwaltungen وصيانة وإصلاح؛ فريق متعدد اللغات دون إجمالي.,إجمالي كامل حالي؛ مسار استقبال طلب الخدمة.,,,,,,,لا إذن ترويج مثبت؛ النماذج والعناوين العامة ليست موافقة.,2026-09-28,.private/evidence/shk-run1-2026-09-28/raw/B4.json
CD04,Günter Neumann & Sohn,WAITING FOR SPECIFIC EVIDENCE,no,https://neumann-neuruppin.de/,https://neumann-neuruppin.de/,Günter Neumann & Sohn:نظام Kundendienst رقمي للخدمة والصيانة والأعطال.,إجمالي كامل حالي؛ طلب خدمة متبق غير مغطى بالنظام.,,,,,,,لا إذن ترويج مثبت؛ النماذج والعناوين العامة ليست موافقة.,2026-09-28,.private/evidence/shk-run1-2026-09-28/raw/CD04.json
CD06,Wolfgang Schiemann / Rico Plätrich,WAITING FOR SPECIFIC EVIDENCE,no,https://www.solar-schiemann.de/,https://www.solar-schiemann.de/ | https://www.solar-schiemann.de/uber-uns | https://de.linkedin.com/company/rico-plätrich,شركة Wolfgang Schiemann يديرها Rico Plätrich منذ2004؛ ليست Schiemann & Mende.,إجمالي كامل حالي؛ تفاصيل استقبال الخدمة.,,,,,,,لا إذن ترويج مثبت؛ النماذج والعناوين العامة ليست موافقة.,2026-09-28,.private/evidence/shk-run1-2026-09-28/raw/CD06.json
CD08,IQ Wärmetechnik,WAITING FOR SPECIFIC EVIDENCE,no,https://iq-waermetechnik.de/,https://iq-waermetechnik.de/ | https://iq-waermetechnik.de/ueber-uns | https://iq-waermetechnik.de/leistungen/installation,IQ Wärmetechnik:SHK وأداة عرض قائمة؛ صفحة الشركة بلا إجمالي.,إجمالي كامل حالي؛ نوع خدمة خارج أداة العرض.,,,,,,,لا إذن ترويج مثبت؛ النماذج والعناوين العامة ليست موافقة.,2026-09-28,.private/evidence/shk-run1-2026-09-28/raw/CD08.json
CD10,Schmiedel,WAITING FOR SPECIFIC EVIDENCE,no,https://schmiedel-haustechnik.de/,https://schmiedel-haustechnik.de/ | https://schmiedel-haustechnik.de/ueber-uns,Schmiedel:موقع الشركة والأنشطة متاحة؛ لا إجمالي كامل.,إجمالي كامل حالي؛ مسار خدمة محدد.,,,,,,,لا إذن ترويج مثبت؛ النماذج والعناوين العامة ليست موافقة.,2026-09-28,.private/evidence/shk-run1-2026-09-28/raw/CD10.json
CD13,Runge,WAITING FOR SPECIFIC EVIDENCE,no,https://runge-haustechnik.de/,https://runge-haustechnik.de/,Runge:النطاق الصحيح وصفحة منشأة متاحة لكن المحتوى محدود؛ حساب LinkedIn واحد ليس حجمًا.,إجمالي كامل حالي؛ خدمة/إصلاح واستقبال ذاتيان قابلان للتحقق.,,,,,,,لا إذن ترويج مثبت؛ النماذج والعناوين العامة ليست موافقة.,2026-09-28,.private/evidence/shk-run1-2026-09-28/raw/CD13.json
CD15,Soika,WAITING FOR SPECIFIC EVIDENCE,no,https://www.soika-heizungsbau.com/,https://www.soika-heizungsbau.com/,Soika:SHK وفريق مع متدرب؛ EasyQuote للتدفئة قائم.,إجمالي كامل حالي؛ طلب إصلاح خارج EasyQuote.,,,,,,,لا إذن ترويج مثبت؛ النماذج والعناوين العامة ليست موافقة.,2026-09-28,.private/evidence/shk-run1-2026-09-28/raw/CD15.json
CD17,Sühring,WAITING FOR SPECIFIC EVIDENCE,no,http://www.suehring-heizung.de/,http://www.suehring-heizung.de/,Sühring:صفحة شركة مقتضبة متاحة؛ لا بيان كامل لحجم الفريق.,إجمالي كامل حالي؛ تفاصيل الخدمة/الاستقبال.,,,,,,,لا إذن ترويج مثبت؛ النماذج والعناوين العامة ليست موافقة.,2026-09-28,.private/evidence/shk-run1-2026-09-28/raw/CD17.json
CD29,G+R Kausnick,WAITING FOR SPECIFIC EVIDENCE,no,https://www.gplusr.de/,https://www.gplusr.de/ | https://de.linkedin.com/company/gebäudetechnik-und-rohrleitungsbau-gmbh,G+R Kausnick:مصدر الشركة متاح؛ رقم16 سابق من مزود ليس بيانًا ذاتيًا حاليًا.,إجمالي كامل حالي قابل للمطابقة؛ خدمة/استقبال؛ لا رفض من تقدير مزود فقط.,,,,,,,لا إذن ترويج مثبت؛ النماذج والعناوين العامة ليست موافقة.,2026-09-28,.private/evidence/shk-run1-2026-09-28/raw/CD29.json
CD30,Haschenz-Bock,WAITING FOR SPECIFIC EVIDENCE,no,https://www.haschenz-bock.de/,https://www.haschenz-bock.de/ | https://www.haschenz-bock.de/Ueber-uns | https://de.linkedin.com/company/haschenz-bock-innungsfachbetrieb,Haschenz-Bock:قصة اليوبيل وعدد الحرفيين فيها تاريخيان؛ لا إجمالي اليوم.,إجمالي كامل حالي؛ تفاصيل مسار الخدمة.,,,,,,,لا إذن ترويج مثبت؛ النماذج والعناوين العامة ليست موافقة.,2026-09-28,.private/evidence/shk-run1-2026-09-28/raw/CD30.json
CD32,HKI,BLOCKED,no,https://www.hkigmbh.de/,https://www.hkigmbh.de/,HTTP500 مباشر وExa؛ لا محتوى شركة حالي قابل للتحقق.,محتوى شركة حالي قابل للاسترجاع؛ ثم إجمالي كامل للفريق والتحقق من الخدمة/مسار استقبال الطلبات. لا إثبات إغلاق الشركة.,,,,,,,لا إذن ترويج مثبت؛ النماذج والعناوين العامة ليست موافقة.,2026-09-28,.private/evidence/shk-run1-2026-09-28/raw/CD32.json
CD34,Jurk,WAITING FOR SPECIFIC EVIDENCE,no,https://jurk-heizung-sanitaer.de/,https://jurk-heizung-sanitaer.de/ | https://jurk-heizung-sanitaer.de/ueber-uns/,Jurk:استُرجع مصدر ذاتي مطابق Vetschau/Karsten Jurk؛ دليل خدمات وهوية جديد، بلا إجمالي.,إجمالي كامل حالي؛ تفاصيل استقبال طلب خدمة غير مهيكل.,,,,,,,لا إذن ترويج مثبت؛ النماذج والعناوين العامة ليست موافقة.,2026-09-28,.private/evidence/shk-run1-2026-09-28/raw/CD34.json
CD35,Kilian,WAITING FOR SPECIFIC EVIDENCE,no,https://kilian-hls.de/,https://kilian-hls.de/ | https://de.linkedin.com/company/kilian-heizungs--u.-sanitärtechnik-gmbh,Kilian:صفحة ذاتية مقتضبة؛ لا إجمالي؛ صفحة LinkedIn المزود غير متاحة.,إجمالي كامل حالي؛ تفاصيل خدمات واستقبال قابلة للتحقق.,,,,,,,لا إذن ترويج مثبت؛ النماذج والعناوين العامة ليست موافقة.,2026-09-28,.private/evidence/shk-run1-2026-09-28/raw/CD35.json
CD38,Lanto,WAITING FOR SPECIFIC EVIDENCE,no,https://www.lanto-heizungsbau.de/,https://www.lanto-heizungsbau.de/,Lanto:انتقال الإدارة إلى Dennis Lanto2019؛ فريق وخدمة في Schwielochsee بلا إجمالي.,إجمالي كامل حالي؛ استقبال طلبات خدمة.,,,,,,,لا إذن ترويج مثبت؛ النماذج والعناوين العامة ليست موافقة.,2026-09-28,.private/evidence/shk-run1-2026-09-28/raw/CD38.json
CD40,Lutz Ebrecht,WAITING FOR SPECIFIC EVIDENCE,no,https://www.firmaebrecht.de/,https://www.firmaebrecht.de/ | https://www.firmaebrecht.de/heizung/ebene2/impressum.htm,Ebrecht:الصفحة الفرعية تثبت Calau/Lutz Ebrecht؛ اعتراض صريح على الاستخدام التجاري للبيانات محفوظ.,إجمالي كامل حالي وخدمة/استقبال؛ لا مزيد من استخدام بيانات التواصل التجاري دون أساس مستقل.,,,,,,,اعتراض صريح على الاستخدام التجاري للبيانات؛ لا ترويج أو إثراء إضافي لبيانات التواصل دون أساس مستقل.,2026-09-28,.private/evidence/shk-run1-2026-09-28/raw/CD40.json
CD41,Mario Kuhla,BLOCKED,no,https://mario-kuhla.de/,https://mario-kuhla.de/,عدم تطابق TLS وفشل Exa؛ لا محتوى شركة حالي قابل للتحقق.,محتوى شركة حالي قابل للاسترجاع؛ ثم إجمالي كامل للفريق والتحقق من الخدمة/مسار استقبال الطلبات. لا إثبات إغلاق الشركة.,,,,,,,لا إذن ترويج مثبت؛ النماذج والعناوين العامة ليست موافقة.,2026-09-28,.private/evidence/shk-run1-2026-09-28/raw/CD41.json
CD42,Markus Friedrich,BLOCKED,no,https://hls-friedrich.de/,https://hls-friedrich.de/,TLS مباشر؛ Exa أعاد Baustelle فقط؛ لا خدمة شركة قابلة للتحقق.,محتوى شركة حالي قابل للاسترجاع؛ ثم إجمالي كامل للفريق والتحقق من الخدمة/مسار استقبال الطلبات. لا إثبات إغلاق الشركة.,,,,,,,لا إذن ترويج مثبت؛ النماذج والعناوين العامة ليست موافقة.,2026-09-28,.private/evidence/shk-run1-2026-09-28/raw/CD42.json
CD43,Mroos & Söhne,WAITING FOR SPECIFIC EVIDENCE,no,http://www.mroos-soehne.de/,http://www.mroos-soehne.de/,Mroos & Söhne:صفحة ذاتية قائمة دون إجمالي كامل.,إجمالي كامل حالي؛ تفاصيل استقبال الخدمة.,,,,,,,لا إذن ترويج مثبت؛ النماذج والعناوين العامة ليست موافقة.,2026-09-28,.private/evidence/shk-run1-2026-09-28/raw/CD43.json
CD44,Remo Schurig,BLOCKED,no,https://wordpress.schurig-heizung.de/,https://wordpress.schurig-heizung.de/,DNS مباشر وفشل Exa؛ لا محتوى شركة حالي قابل للتحقق.,محتوى شركة حالي قابل للاسترجاع؛ ثم إجمالي كامل للفريق والتحقق من الخدمة/مسار استقبال الطلبات. لا إثبات إغلاق الشركة.,,,,,,,لا إذن ترويج مثبت؛ النماذج والعناوين العامة ليست موافقة.,2026-09-28,.private/evidence/shk-run1-2026-09-28/raw/CD44.json
D01,Augar,WAITING FOR SPECIFIC EVIDENCE,no,https://augar.de/,https://augar.de/,Augar:سبعة موظفين إضافيين يخصون1973–1991.,إجمالي كامل حالي؛ لا استخدام الرقم التاريخي للتأهيل.,,,,,,,لا إذن ترويج مثبت؛ النماذج والعناوين العامة ليست موافقة.,2026-09-28,.private/evidence/shk-run1-2026-09-28/raw/D01.json
D04,Baldauf,WAITING FOR SPECIFIC EVIDENCE,no,https://www.baldauf-gmbh.de/,https://baldauf-gmbh.de/ | https://de.linkedin.com/company/baldauf-gmbh,Baldauf:مصدر الشركة وصيانة؛ LinkedIn مطابق للنطاق دون حجم؛ أفراد من دول أخرى ليسوا تعدادًا.,إجمالي كامل حالي؛ استقبال الخدمة، وتصحيح العنوان عند أي إعداد بريدي لاحق.,,,,,,,لا إذن ترويج مثبت؛ النماذج والعناوين العامة ليست موافقة.,2026-09-28,.private/evidence/shk-run1-2026-09-28/raw/D04.json
D08,Beringer,WAITING FOR SPECIFIC EVIDENCE,no,https://www.beringer-gmbh.de/,https://www.beringer-gmbh.de/ | https://www.beringer-gmbh.de/ueber-uns,Beringer:صفحة شركة وفريق دون إجمالي صريح.,إجمالي كامل حالي؛ مسار خدمة/إصلاح غير مهيكل.,,,,,,,لا إذن ترويج مثبت؛ النماذج والعناوين العامة ليست موافقة.,2026-09-28,.private/evidence/shk-run1-2026-09-28/raw/D08.json
D09,Bernecker & Block,WAITING FOR SPECIFIC EVIDENCE,no,https://bernecker-block.de/,https://bernecker-block.de/ | https://bernecker-block.de/ueber-uns/ | https://de.linkedin.com/company/bernecker-&-block-gmbh,Bernecker & Block:خدمة فنيي SHK؛ LinkedIn مطابق للنطاق بلا حجم.,إجمالي كامل حالي؛ استقبال الخدمة.,,,,,,,لا إذن ترويج مثبت؛ النماذج والعناوين العامة ليست موافقة.,2026-09-28,.private/evidence/shk-run1-2026-09-28/raw/D09.json
D10,Karl Bohra,WAITING FOR SPECIFIC EVIDENCE,no,https://bohragmbh.de/,https://bohragmbh.de/,Bohra:التحميل المحلي فشل TLS؛ Exa أعاد صفحة ذاتية تطابق Berlin/Großbeeren وتعرض إصلاحات.,إجمالي كامل حالي؛ تفاصيل الاستقبال؛ ليس مغلقًا بسبب خطأ TLS.,,,,,,,لا إذن ترويج مثبت؛ النماذج والعناوين العامة ليست موافقة.,2026-09-28,.private/evidence/shk-run1-2026-09-28/raw/D10.json
D11,Konrad Bolk,WAITING FOR SPECIFIC EVIDENCE,no,https://konradbolk-sanitaer.de/,https://konradbolk-sanitaer.de/ | https://konradbolk-sanitaer.de/Mitarbeiter/,Konrad Bolk:أسماء فريق مرئية لا تثبت اكتمال العدد؛ نموذج منظم قائم.,إجمالي كامل حالي؛ نوع طلب خدمة غير مغطى بالنموذج.,,,,,,,لا إذن ترويج مثبت؛ النماذج والعناوين العامة ليست موافقة.,2026-09-28,.private/evidence/shk-run1-2026-09-28/raw/D11.json
D12,Torsten Brehmer,BLOCKED,no,https://fa-brehmer.de/,https://fa-brehmer.de/,رفض اتصال مباشر وفشل Exa؛ لا محتوى شركة حالي قابل للتحقق.,محتوى شركة حالي قابل للاسترجاع؛ ثم إجمالي كامل للفريق والتحقق من الخدمة/مسار استقبال الطلبات. لا إثبات إغلاق الشركة.,,,,,,,لا إذن ترويج مثبت؛ النماذج والعناوين العامة ليست موافقة.,2026-09-28,.private/evidence/shk-run1-2026-09-28/raw/D12.json
D13,Brüsch,BLOCKED,no,https://bruesch-gmbh.de/,https://bruesch-gmbh.de/,رفض اتصال مباشر وفشل Exa؛ لا محتوى شركة حالي قابل للتحقق.,محتوى شركة حالي قابل للاسترجاع؛ ثم إجمالي كامل للفريق والتحقق من الخدمة/مسار استقبال الطلبات. لا إثبات إغلاق الشركة.,,,,,,,لا إذن ترويج مثبت؛ النماذج والعناوين العامة ليست موافقة.,2026-09-28,.private/evidence/shk-run1-2026-09-28/raw/D13.json
D15,Bernhard Deter,WAITING FOR SPECIFIC EVIDENCE,no,https://www.bernhard-deter.de/,https://www.bernhard-deter.de/,Bernhard Deter يقود الشركة؛ SHK وخدمة عملاء دون إجمالي.,إجمالي كامل حالي؛ تفاصيل استقبال الخدمة.,,,,,,,لا إذن ترويج مثبت؛ النماذج والعناوين العامة ليست موافقة.,2026-09-28,.private/evidence/shk-run1-2026-09-28/raw/D15.json
D18,Klaus Domann,WAITING FOR SPECIFIC EVIDENCE,no,http://www.klausdomann.de/,http://www.klausdomann.de/ | https://de.linkedin.com/company/klaus-domann,Klaus Domann:موقع قائم وخدمات SHK؛ لا إجمالي؛ صفحة LinkedIn المزود غير متاحة.,إجمالي كامل حالي؛ مسار الخدمة.,,,,,,,لا إذن ترويج مثبت؛ النماذج والعناوين العامة ليست موافقة.,2026-09-28,.private/evidence/shk-run1-2026-09-28/raw/D18.json
D23,Kurt Fabianek,BLOCKED,no,https://kurt-fabianek.de/,https://kurt-fabianek.de/,الاسترجاع الحي أعاد مصدر PHP دون صفحة شركة؛ Exa أعاد نص شركة بلا إثبات حداثته.,محتوى شركة حالي قابل للاسترجاع؛ ثم إجمالي كامل للفريق والتحقق من الخدمة/مسار استقبال الطلبات. لا إثبات إغلاق الشركة.,,,,,,,لا إذن ترويج مثبت؛ النماذج والعناوين العامة ليست موافقة.,2026-09-28,.private/evidence/shk-run1-2026-09-28/raw/D23.json
D25,Fischer & Weggen,WAITING FOR SPECIFIC EVIDENCE,no,https://www.fischer-weggen.de/,https://www.fischer-weggen.de/ | https://www.fischer-weggen.de/unser-unternehmen-berlin.html | https://de.linkedin.com/company/fischer-&-weggen-gmbh,Fischer & Weggen:موقع وشركة LinkedIn مطابقة؛ حسابان مرتبطان لا يثبتان الحجم.,إجمالي كامل حالي؛ ملاءمة واستقبال طلبات الخدمة الصغيرة.,,,,,,,لا إذن ترويج مثبت؛ النماذج والعناوين العامة ليست موافقة.,2026-09-28,.private/evidence/shk-run1-2026-09-28/raw/D25.json
D26,Oskar Fleißner,BLOCKED,no,https://firmafleissner.de/,https://firmafleissner.de/,عدم تطابق TLS وفشل Exa؛ لا محتوى شركة حالي قابل للتحقق.,محتوى شركة حالي قابل للاسترجاع؛ ثم إجمالي كامل للفريق والتحقق من الخدمة/مسار استقبال الطلبات. لا إثبات إغلاق الشركة.,,,,,,,لا إذن ترويج مثبت؛ النماذج والعناوين العامة ليست موافقة.,2026-09-28,.private/evidence/shk-run1-2026-09-28/raw/D26.json
D29,M&R Fritsche,WAITING FOR SPECIFIC EVIDENCE,no,https://fritsche-sanitaer.de/,https://fritsche-sanitaer.de/ | https://fritsche-sanitaer.de/Das-Unternehmen/Unser-Team/ | https://fritsche-sanitaer.de/Das-Unternehmen/,M&R Fritsche:صفحات شركة وفريق بلا إجمالي كامل مصرح.,إجمالي كامل حالي؛ مسار خدمة غير مهيكل.,,,,,,,لا إذن ترويج مثبت؛ النماذج والعناوين العامة ليست موافقة.,2026-09-28,.private/evidence/shk-run1-2026-09-28/raw/D29.json
D31,Frühauf,BLOCKED,no,https://fruehauf-berlin.de/,https://fruehauf-berlin.de/,عدم تطابق TLS وفشل Exa؛ لا محتوى شركة حالي قابل للتحقق.,محتوى شركة حالي قابل للاسترجاع؛ ثم إجمالي كامل للفريق والتحقق من الخدمة/مسار استقبال الطلبات. لا إثبات إغلاق الشركة.,,,,,,,لا إذن ترويج مثبت؛ النماذج والعناوين العامة ليست موافقة.,2026-09-28,.private/evidence/shk-run1-2026-09-28/raw/D31.json
D32,FULL Service,WAITING FOR SPECIFIC EVIDENCE,no,https://www.fullservicegmbh.de/,https://www.fullservicegmbh.de/ | https://www.fullservicegmbh.de/ueber-uns.html | https://de.linkedin.com/company/full-service-gmbh,FULL Service:موقع وصفحة LinkedIn مطابقة للنطاق؛ تسعة حسابات مرتبطة وتصنيف IT لا تثبت إجمالي SHK.,إجمالي كامل حالي للكيان؛ دور صاحب القرار واستقبال الخدمة.,,,,,,,لا إذن ترويج مثبت؛ النماذج والعناوين العامة ليست موافقة.,2026-09-28,.private/evidence/shk-run1-2026-09-28/raw/D32.json
D33,Galla & Wenzel,WAITING FOR SPECIFIC EVIDENCE,no,https://galla-wenzel.de/,https://galla-wenzel.de/ | https://galla-wenzel.de/gasheizung/ | https://de.linkedin.com/company/galla-&-wenzel-gmbh-gas--und-wasserinstallation,Galla & Wenzel:7 تجاريين+1 مكتب+1 متدرب؛ بإضافة مدير واحد يصبح10؛ نموذج موضوع/عنوان/موعد/مرفق قائم.,نوع طلب صيانة/إصلاح غير مهيكل خارج النموذج الحالي؛ إبقاء بوابة الاستقبال السابقة.,,,,,,,لا إذن ترويج مثبت؛ النماذج والعناوين العامة ليست موافقة.,2026-09-28,.private/evidence/shk-run1-2026-09-28/raw/D33.json
N04,SHK Spiller,WAITING FOR SPECIFIC EVIDENCE,no,https://www.shk-spiller.de/,https://www.shk-spiller.de/ | https://www.shk-spiller.de/uber-uns,Falco Spiller ظاهر كمؤسس ومسؤول؛ إصلاح وصيانة وفريق وتوظيف بلا إجمالي.,إجمالي الفريق الحالي؛ هل توجد طلبات غير طارئة غير مهيكلة خارج المسارات القائمة؟,,,,,,,لا إذن ترويج مثبت؛ النماذج والعناوين العامة ليست موافقة.,2026-09-28,.private/evidence/shk-run1-2026-09-28/raw/N04.json
N05,HWS Haustechnik GmbH,REJECTED,yes,https://hws-shk.de/,https://hws-shk.de/ | https://de.linkedin.com/company/hws-haustechnik-gmbh,صفحة الشركة العامة المطابقة للنطاق تعرض حجم11–50 Beschäftigte؛ تقدير Hunter1–10 وحساب مرتبط واحد استُبعدا.,لا شيء يلزم لحسم رفض حجم Pilot الحالي؛ لا إعادة تأهيل دون دليل أحدث ينقض الحجم.,"Panketal, Brandenburg",,11–50 في صفحة الشركة المختارة على LinkedIn؛ يتجاوز1–10.,,,,لا إذن ترويج مثبت؛ النماذج والعناوين العامة ليست موافقة.,2026-09-28,.private/evidence/shk-run1-2026-09-28/raw/N05.json
N06,Klinkhammer,WAITING FOR SPECIFIC EVIDENCE,no,https://klinkhammer-handwerk.de/,https://klinkhammer-handwerk.de/ | https://klinkhammer-handwerk.de/ueber-uns/,Inken وMax Klinkhammer؛ تركيب وصيانة وإصلاح؛ صفحة الشركة بلا إجمالي.,إجمالي كامل حالي؛ مسار استفسارات الخدمة بالتحديد.,,,,,,,لا إذن ترويج مثبت؛ النماذج والعناوين العامة ليست موافقة.,2026-09-28,.private/evidence/shk-run1-2026-09-28/raw/N06.json
N07,Jordan & Team TGA,WAITING FOR SPECIFIC EVIDENCE,no,https://www.jordanteam-tga.de/,https://www.jordanteam-tga.de/ | https://www.jordanteam-tga.de/leistungen/heizung | https://www.jordanteam-tga.de/leistungen/waermepumpe,صفحات الفريق تعرض أدوار إدارة وتنفيذ لدى Jordan & Team TGA، بلا عدد إجمالي صريح.,إجمالي كامل يشمل الإدارة والمهندسين والتنفيذ؛ ملاءمة استفسارات الخدمة الصغيرة ومسارها.,,,,,,,لا إذن ترويج مثبت؛ النماذج والعناوين العامة ليست موافقة.,2026-09-28,.private/evidence/shk-run1-2026-09-28/raw/N07.json
N08,Hortien,WAITING FOR SPECIFIC EVIDENCE,no,https://www.hortien-gmbh.de/,https://www.hortien-gmbh.de/ | https://www.hortien-gmbh.de/ueber-uns,SHK وخدمات للمنازل؛ اعتراض معلن على الدعاية غير المطلوبة محفوظ.,إجمالي كامل؛ مسار طلبات الخدمة؛ لا استخدام بيانات التواصل للترويج دون موافقة مستقلة.,,,,,,,اعتراض الدعاية غير المطلوبة محفوظ؛ لا ترويج عبر بيانات منشورة أو التفاف بالبريد.,2026-09-28,.private/evidence/shk-run1-2026-09-28/raw/N08.json
N09,Uwe Senst & Söhne,WAITING FOR SPECIFIC EVIDENCE,no,https://www.senst-bad.de/,https://www.senst-bad.de/ | https://www.senst-bad.de/ueber-uns | https://www.senst-bad.de/ueber-uns/service,رقم أربعة موظفين يصف زمن التحول السياسي؛ ليس رقم اليوم.,إجمالي الفريق الحالي؛ مسار خدمة/إصلاح خارج الأدوات القائمة.,,,,,,,لا إذن ترويج مثبت؛ النماذج والعناوين العامة ليست موافقة.,2026-09-28,.private/evidence/shk-run1-2026-09-28/raw/N09.json
N10,Lesano,WAITING FOR SPECIFIC EVIDENCE,no,https://www.lesano.eu/,https://www.lesano.eu/,Lesano تعلن SHK ومناخ وكهرباء وPV وفريقًا دون إجمالي.,إجمالي كامل؛ تحديد حصة الخدمة/الإصلاح ومسار الاستفسارات.,,,,,,,لا إذن ترويج مثبت؛ النماذج والعناوين العامة ليست موافقة.,2026-09-28,.private/evidence/shk-run1-2026-09-28/raw/N10.json
N11,Sanartec,WAITING FOR SPECIFIC EVIDENCE,no,https://www.sanartec.de/,https://www.sanartec.de/ | https://de.linkedin.com/company/sanartec-gmbh-sanitär-&-heizung,Sanartec: خدمات أنظمة وصيانة؛ LinkedIn مطابق للموقع بلا خانة حجم.,إجمالي كامل حالي؛ مسار استفسارات خدمة غير مهيكل.,,,,,,,لا إذن ترويج مثبت؛ النماذج والعناوين العامة ليست موافقة.,2026-09-28,.private/evidence/shk-run1-2026-09-28/raw/N11.json
N12,TEMA Haus- und Wärmetechnik,REJECTED,yes,https://xn--tema-wrmepumpen-5kb.de/,https://xn--tema-wrmepumpen-5kb.de/ | https://de.linkedin.com/company/tema-haus-und-w%C3%A4rmetechnik,LinkedIn الشركة:11–50 Beschäftigte؛ Firecrawl الحي يربط النطاق الجديد بعنوان AltonaerStr64 وبريد tema-hwt.de للكيان نفسه.,لا شيء يلزم لرفض حجم Pilot الحالي؛ لا إعادة تأهيل دون دليل أحدث ينقض الحجم.,"Berlin / Stahnsdorf, Brandenburg",,11–50 في صفحة الشركة؛ عدد الحسابات المرتبطة ليس إجماليًا.,,,,لا إذن ترويج مثبت؛ النماذج والعناوين العامة ليست موافقة.,2026-09-28,.private/evidence/shk-run1-2026-09-28/raw/N12.json
N13,Christian Kamm,WAITING FOR SPECIFIC EVIDENCE,no,https://kamm-shk.de/,https://kamm-shk.de/,Christian Kamm صاحب النشاط؛ السيرة بصيغة المفرد لا تثبت أنه العامل الوحيد.,إجمالي كامل حالي؛ مدى العمل الخدمي المتكرر ومسار طلبه.,,,,,,,لا إذن ترويج مثبت؛ النماذج والعناوين العامة ليست موافقة.,2026-09-28,.private/evidence/shk-run1-2026-09-28/raw/N13.json
N14,Meisterbetrieb Mettke,WAITING FOR SPECIFIC EVIDENCE,no,https://www.heizungs-mettke.de/,https://www.heizungs-mettke.de/ | https://de.linkedin.com/company/andreas-mettke,موقع Mettke يثبت نشاط SHK؛ دور Andreas محفوظ، المستشار Jan Metzner ليس مالكًا.,إجمالي كامل حالي؛ تأكيد عنوان العمل الحالي ومسار الاستفسارات.,,,,,,,لا إذن ترويج مثبت؛ النماذج والعناوين العامة ليست موافقة.,2026-09-28,.private/evidence/shk-run1-2026-09-28/raw/N14.json
N15,Kaan Kafali,WAITING FOR SPECIFIC EVIDENCE,no,https://kaankafali-berlin.de/,https://kaankafali-berlin.de/ | https://kaankafali-berlin.de/ueber-uns/,الموقع يعرض 5+؛ ستة تعيينات في2024 ليست حدًا أعلى للفريق الحالي.,حد أعلى كامل حالي يشمل المؤسس والمكتب والمتدربين؛ مسار الخدمة.,,,,,,,لا إذن ترويج مثبت؛ النماذج والعناوين العامة ليست موافقة.,2026-09-28,.private/evidence/shk-run1-2026-09-28/raw/N15.json
N16,IBL Lutter,WAITING FOR SPECIFIC EVIDENCE,no,https://ibl-lutter.de/,https://ibl-lutter.de/ | https://ibl-lutter.de/ueber-uns/team | https://ibl-lutter.de/ueber-uns | https://de.linkedin.com/company/ibl-lutter-gmbh,صفحة الفريق صورة؛ النص البديل وعدد الوجوه ليسا إجماليًا؛ أدوات حمام وتدفئة ومواعيد قائمة.,إجمالي كامل؛ استفسار إصلاح غير مهيكل خارج الأدوات والمواعيد.,,,,,,,لا إذن ترويج مثبت؛ النماذج والعناوين العامة ليست موافقة.,2026-09-28,.private/evidence/shk-run1-2026-09-28/raw/N16.json
N17,Obermeit,WAITING FOR SPECIFIC EVIDENCE,no,https://www.meisterbetrieb-obermeit.de/,https://www.meisterbetrieb-obermeit.de/,SHK-Meisterbetrieb Obermeit؛ هاتف وبريد وخبرة بلا إجمالي للفريق.,إجمالي كامل حالي؛ تفاصيل استقبال طلبات الإصلاح والصيانة.,,,,,,,لا إذن ترويج مثبت؛ النماذج والعناوين العامة ليست موافقة.,2026-09-28,.private/evidence/shk-run1-2026-09-28/raw/N17.json
N19,Markus Hennig,WAITING FOR SPECIFIC EVIDENCE,no,https://www.mh-gwh.de/,https://www.mh-gwh.de/ | https://www.mh-gwh.de/neue-seitec879f882 | https://www.mh-gwh.de/neue-seite49b096c4,Markus Hennig؛ فريق وتدريب معلنان، لكن صفحة الفريق تعذر تحميلها؛ ملف2025 ليس إجماليًا حاليًا.,إجمالي كامل حالي شامل المكتب والمتدربين؛ مسار خدمة خارج المخططات القائمة.,,,,,,,لا إذن ترويج مثبت؛ النماذج والعناوين العامة ليست موافقة.,2026-09-28,.private/evidence/shk-run1-2026-09-28/raw/N19.json
N21,W.E.S.,WAITING FOR SPECIFIC EVIDENCE,no,https://www.w-e-s-gmbh.de/,https://www.w-e-s-gmbh.de/ | https://www.w-e-s-gmbh.de/unternehmen/shk/ueber_uns | https://www.w-e-s-gmbh.de/unternehmen/shk/kontakt | https://de.linkedin.com/company/w.e.s.-gmbh-wasser-energie-sparen,W.E.S. تعرض SHK وخبرة فريق؛ مزود البيانات لم يقدم إجماليًا وصفحة الشركة العامة غير متاحة.,إجمالي كامل حالي؛ استقبال طلبات الصيانة والإصلاح.,,,,,,,لا إذن ترويج مثبت؛ النماذج والعناوين العامة ليست موافقة.,2026-09-28,.private/evidence/shk-run1-2026-09-28/raw/N21.json
N22,Rapid,WAITING FOR SPECIFIC EVIDENCE,no,https://rapid-berlin.de/,https://rapid-berlin.de/,Rapid تعرض إصلاحًا وصيانة وتوظيفًا؛ 6+ السابقة ليست سقفًا، ولا إجمالي مؤيد في الصفحة.,حد أعلى كامل حالي؛ تفاصيل فجوة استقبال الطلبات.,,,,,,,لا إذن ترويج مثبت؛ النماذج والعناوين العامة ليست موافقة.,2026-09-28,.private/evidence/shk-run1-2026-09-28/raw/N22.json
OH-CEP,CEP,WAITING FOR SPECIFIC EVIDENCE,no,https://www.cep-energie.com/company/de,https://www.cep-energie.com/company/de,CEP:طاقة/حرارة وPV؛ عدادات صفر في الاستخراج ليست عدد موظفين.,إجمالي كامل حالي؛ ملاءمة خدمة SHK الصغيرة ومسارها.,,,,,,,لا إذن ترويج مثبت؛ النماذج والعناوين العامة ليست موافقة.,2026-09-28,.private/evidence/shk-run1-2026-09-28/raw/OH-CEP.json
OH-Emporhaus,Emporhaus,WAITING FOR SPECIFIC EVIDENCE,no,https://www.emporhaus-barrierefrei.de/,https://emporhaus-barrierefrei.de/ | https://emporhaus-barrierefrei.de/kundenstimmen-das-sagen-unsere-kunden-ueber-uns/ | https://emporhaus-barrierefrei.de/unternehmensvideo-emporhaus-barrierefrei/,Emporhaus:حمامات ميسرة؛ تقييمات تذكر عمالًا لا تثبت عدد الشركة.,إجمالي كامل حالي؛ إثبات ملاءمة استفسارات خدمة متكررة ومسارها.,,,,,,,لا إذن ترويج مثبت؛ النماذج والعناوين العامة ليست موافقة.,2026-09-28,.private/evidence/shk-run1-2026-09-28/raw/OH-Emporhaus.json
OH-FalcoGuenther,Falco Günther,BLOCKED,no,https://www.hausservice-guenther.de/,https://www.hausservice-guenther.de/,TLS منتهي؛ البديل السابق والحالي يعرض تحديثًا تقنيًا من مزود الموقع، لا شركة Günther.,محتوى شركة حالي قابل للاسترجاع؛ ثم إجمالي كامل للفريق والتحقق من الخدمة/مسار استقبال الطلبات. لا إثبات إغلاق الشركة.,,,,,,,لا إذن ترويج مثبت؛ النماذج والعناوين العامة ليست موافقة.,2026-09-28,.private/evidence/shk-run1-2026-09-28/raw/OH-FalcoGuenther.json
OH-Gabler,Dieter Gabler,WAITING FOR SPECIFIC EVIDENCE,no,https://heizungsbau-gabler.de/,https://heizungsbau-gabler.de/ | https://de.linkedin.com/company/gabler-heizungsbau-gmbh,Gabler:مصدر شركة متاح؛ أربعة مساهمين لا يثبتون فريقًا أو سلطة تشغيلية حالية.,إجمالي كامل حالي؛ صاحب قرار تشغيلي حالي؛ مسار الخدمة.,,,,,,,لا إذن ترويج مثبت؛ النماذج والعناوين العامة ليست موافقة.,2026-09-28,.private/evidence/shk-run1-2026-09-28/raw/OH-Gabler.json
OH-Gaertner,Wolfram Gärtner,BLOCKED,no,https://gaertner-waermetechnik.de/,https://gaertner-waermetechnik.de/,عدم تطابق TLS وانتهاء مهلة Exa؛ لا محتوى شركة حالي قابل للتحقق.,محتوى شركة حالي قابل للاسترجاع؛ ثم إجمالي كامل للفريق والتحقق من الخدمة/مسار استقبال الطلبات. لا إثبات إغلاق الشركة.,,,,,,,لا إذن ترويج مثبت؛ النماذج والعناوين العامة ليست موافقة.,2026-09-28,.private/evidence/shk-run1-2026-09-28/raw/OH-Gaertner.json
OH-JensSchulz,Jens Schulz,WAITING FOR SPECIFIC EVIDENCE,no,https://www.installateur-oberhavel.de/,https://www.installateur-oberhavel.de/,Jens Schulz:تركيب وصيانة مع هاتف وتواصل عام؛ لا إجمالي.,إجمالي كامل حالي؛ تفاصيل استقبال الخدمة.,,,,,,,لا إذن ترويج مثبت؛ النماذج والعناوين العامة ليست موافقة.,2026-09-28,.private/evidence/shk-run1-2026-09-28/raw/OH-JensSchulz.json
OH-KurtSchlauch,Kurt Schlauch,WAITING FOR SPECIFIC EVIDENCE,no,https://www.schlauch-haustechnik.de/,https://www.schlauch-haustechnik.de/,Kurt Schlauch:نطاق schlauch-haustechnik.de؛ سجل Oberhavel مستقل عن SchLAUCH HTM.,إجمالي كامل حالي؛ خدمات واستقبال؛ تأكيد أي علاقة قانونية قبل الدمج.,,,,,,,لا إذن ترويج مثبت؛ النماذج والعناوين العامة ليست موافقة.,2026-09-28,.private/evidence/shk-run1-2026-09-28/raw/OH-KurtSchlauch.json
OH-Maziul,Jürgen Maziul,BLOCKED,no,https://www.maziul.de/,https://maziul.de/,صفحة صيانة للموقع ورقم هاتف فقط، عبر الاسترجاع المباشر وExa؛ لا خدمة شركة كاملة.,محتوى شركة حالي قابل للاسترجاع؛ ثم إجمالي كامل للفريق والتحقق من الخدمة/مسار استقبال الطلبات. لا إثبات إغلاق الشركة.,,,,,,,لا إذن ترويج مثبت؛ النماذج والعناوين العامة ليست موافقة.,2026-09-28,.private/evidence/shk-run1-2026-09-28/raw/OH-Maziul.json
OH-Rohbeck,Thomas Rohbeck,WAITING FOR SPECIFIC EVIDENCE,no,https://www.rohbeck.com/,https://www.rohbeck.com/ | https://www.rohbeck.com/rohbeck-verfahrenstechnik/,Rohbeck:معالجة مياه ونظافة مياه شرب لعملاء الصناعة والاقتصاد؛ SHK-Hygienefachbetrieb؛ ليس دليل إصلاح منزلي.,إجمالي كامل حالي؛ ملاءمة استفسارات SHK الصغيرة ومسارها؛ لا رفض القطاع من الاسم فقط.,,,,,,,لا إذن ترويج مثبت؛ النماذج والعناوين العامة ليست موافقة.,2026-09-28,.private/evidence/shk-run1-2026-09-28/raw/OH-Rohbeck.json
OH-SchLAUCH,SchLAUCH HTM,WAITING FOR SPECIFIC EVIDENCE,no,https://www.schlauch-htm.de/,https://www.schlauch-htm.de/,SchLAUCH HTM:النطاق الصحيح schlauch-htm.de؛ إصلاح وصيانة؛ منفصل عن Kurt Schlauch حتى تثبت العلاقة.,إجمالي كامل للكيان الحالي؛ تفاصيل استقبال الخدمة؛ لا دمج الكيانين من تشابه الاسم.,,,,,,,لا إذن ترويج مثبت؛ النماذج والعناوين العامة ليست موافقة.,2026-09-28,.private/evidence/shk-run1-2026-09-28/raw/OH-SchLAUCH.json
R265,Skaley,WAITING FOR SPECIFIC EVIDENCE,no,https://skaley-haustechnik.de/,https://skaley-haustechnik.de/ | https://de.linkedin.com/company/skaley---haustechnik-gmbh,Skaley:مصدر شركة Potsdam وLinkedIn مطابقان؛ لا خانة حجم ولا إجمالي في المصدر.,إجمالي كامل حالي؛ مسار استقبال الخدمة.,,,,,,,لا إذن ترويج مثبت؛ النماذج والعناوين العامة ليست موافقة.,2026-09-28,.private/evidence/shk-run1-2026-09-28/raw/R265.json
R266,Gas Neumann,WAITING FOR SPECIFIC EVIDENCE,no,https://gas-neumann.de/,https://gas-neumann.de/,Gas Neumann:مجموعة وكيانات متعددة؛ نطاق المجموعة لا يثبت حجم الحساب القانوني المطلوب.,إجمالي كامل للكيان SHK المحدد وفصل الشركات/الفروع؛ استقبال الخدمة؛ لا رفض بناءً على حجم المجموعة وحده.,,,,,,,لا إذن ترويج مثبت؛ النماذج والعناوين العامة ليست موافقة.,2026-09-28,.private/evidence/shk-run1-2026-09-28/raw/R266.json
R268,Huguenin,WAITING FOR SPECIFIC EVIDENCE,no,https://heizung-sanitaer-huguenin.de/,https://www.heizung-sanitaer-huguenin.de/,Thomas Huguenin/Panketal:صيانة وخدمة وتواصل عام؛ تقدير أربعة من مزود ليس دليل حجم.,إجمالي كامل حالي؛ تدقيق نوع طلب الإصلاح ومراحل الاستقبال.,,,,,,,لا إذن ترويج مثبت؛ النماذج والعناوين العامة ليست موافقة.,2026-09-28,.private/evidence/shk-run1-2026-09-28/raw/R268.json
R269,Hütter,WAITING FOR SPECIFIC EVIDENCE,no,https://huetter-berlin.de/,https://huetter-berlin.de/,Hütter GmbH:النطاق الصحيح huetter-berlin.de، Bernhard-Lichtenberg-Str.4 Berlin؛ مصدر مقتضب.,إجمالي كامل حالي؛ عرض الخدمة والاستقبال؛ استُبعد النطاق ALBA الخاطئ بالكامل.,,,,,,,لا إذن ترويج مثبت؛ النماذج والعناوين العامة ليست موافقة.,2026-09-28,.private/evidence/shk-run1-2026-09-28/raw/R269.json
S02,GE-HAtec,WAITING FOR SPECIFIC EVIDENCE,no,https://www.ge-hatec.de/,https://www.ge-hatec.de/ | https://www.ge-hatec.de/Firma.html,GE-HAtec مطابقة؛6 فنيين+2 مكتب من دليل مورد سابق لا تشمل الإدارة بالضرورة.,إجمالي كامل حديث من الشركة شامل الإدارة؛ تفاصيل مسار الخدمة.,,,,,,,لا إذن ترويج مثبت؛ النماذج والعناوين العامة ليست موافقة.,2026-09-28,.private/evidence/shk-run1-2026-09-28/raw/S02.json
S03,Dreßler,WAITING FOR SPECIFIC EVIDENCE,no,https://dressler-brunnenbau.de/,https://dressler-brunnenbau.de/ | https://dressler-brunnenbau.de/unternehmen/ | https://de.linkedin.com/company/dreßler-gmbh,Dreßler:صيانة ومشروعات؛ قائمة التوظيف السابقة تقول10 موظفين؛ أدوات عروض موجودة.,إجمالي شامل المدير والتعيينات الجديدة؛ مسار خدمة غير مغطى بالأدوات.,,,,,,,لا إذن ترويج مثبت؛ النماذج والعناوين العامة ليست موافقة.,2026-09-28,.private/evidence/shk-run1-2026-09-28/raw/S03.json
S04,Urban,WAITING FOR SPECIFIC EVIDENCE,no,https://www.urban-installationen.de/,https://www.urban-installationen.de/ | https://www.urban-installationen.de/firma/,Urban تعرض خدمة وصيانة؛ Boris Rennert مدير موثق سابقًا؛ صفحة فريق إضافية غير مفيدة.,إجمالي كامل حالي؛ لا استنتاج طلب على المنتج من نموذج التواصل العام.,,,,,,,لا إذن ترويج مثبت؛ النماذج والعناوين العامة ليست موافقة.,2026-09-28,.private/evidence/shk-run1-2026-09-28/raw/S04.json
S05,Christoph Schulz,WAITING FOR SPECIFIC EVIDENCE,no,https://www.schulz-heizung-sanitaer.de/,https://www.schulz-heizung-sanitaer.de/,Christoph Schulz:موقع شركة قائم لخدمات SHK؛ لا رقم فريق كامل.,إجمالي كامل حالي؛ تحديد استقبال طلبات خدمة غير مهيكلة.,,,,,,,لا إذن ترويج مثبت؛ النماذج والعناوين العامة ليست موافقة.,2026-09-28,.private/evidence/shk-run1-2026-09-28/raw/S05.json
S06,Daniel Kühne,BLOCKED,no,https://sanitaer-heizung-kuehne.de/,https://sanitaer-heizung-kuehne.de/,فشل TLS عند الاسترجاع المباشر وExa؛ لا محتوى شركة حالي قابل للتحقق.,محتوى شركة حالي قابل للاسترجاع؛ ثم إجمالي كامل للفريق والتحقق من الخدمة/مسار استقبال الطلبات. لا إثبات إغلاق الشركة.,,,,,,,لا إذن ترويج مثبت؛ النماذج والعناوين العامة ليست موافقة.,2026-09-28,.private/evidence/shk-run1-2026-09-28/raw/S06.json
S07,Stefan Boy,WAITING FOR SPECIFIC EVIDENCE,no,https://sanitaer-heizung-boy.de/,https://sanitaer-heizung-boy.de/,Stefan Boy:موقع قائم؛ استخراج كبير مختلط لا يقدم بيانًا صريحًا للفريق.,بيان إجمالي كامل حالي؛ تفاصيل مسار خدمة قابل للتحقق، دون استخدام بقايا HTML كدليل.,,,,,,,لا إذن ترويج مثبت؛ النماذج والعناوين العامة ليست موافقة.,2026-09-28,.private/evidence/shk-run1-2026-09-28/raw/S07.json
S08,Szadkowski,WAITING FOR SPECIFIC EVIDENCE,no,https://www.szadkowski-berlin.de/,https://www.szadkowski-berlin.de/ | https://www.szadkowski-berlin.de/ueber-uns/ | https://de.linkedin.com/company/szadkowski,Rico Szadkowski يتولى الإدارة؛ مهندسون وفنيون وميكانيكيون بلا إجمالي صريح.,إجمالي كامل حالي؛ مسار خدمة غير مهيكل.,,,,,,,لا إذن ترويج مثبت؛ النماذج والعناوين العامة ليست موافقة.,2026-09-28,.private/evidence/shk-run1-2026-09-28/raw/S08.json
S09,Schaller,WAITING FOR SPECIFIC EVIDENCE,no,https://schaller-heizungsbau.de/,https://schaller-heizungsbau.de/ | https://schaller-heizungsbau.de/ueber-uns/,Schaller:عائلة وصيانة وخدمة عملاء؛ أدوات قائمة لا تثبت فجوة.,إجمالي كامل حالي؛ نوع طلب خدمة خارج الأدوات القائمة.,,,,,,,لا إذن ترويج مثبت؛ النماذج والعناوين العامة ليست موافقة.,2026-09-28,.private/evidence/shk-run1-2026-09-28/raw/S09.json
S10,Steffen GmbH,WAITING FOR SPECIFIC EVIDENCE,no,https://www.steffengmbh.de/,https://www.steffengmbh.de/,حتى عشرة أشخاص واردة في تاريخ Steffen قبل1994؛ لا تثبت حجم اليوم.,إجمالي كامل حالي؛ استقبال الخدمة/الإصلاح.,,,,,,,لا إذن ترويج مثبت؛ النماذج والعناوين العامة ليست موافقة.,2026-09-28,.private/evidence/shk-run1-2026-09-28/raw/S10.json
S12,Manfred Nischke,WAITING FOR SPECIFIC EVIDENCE,no,https://www.nischke.de/,https://www.nischke.de/ | https://www.nischke.de/ueber-uns | https://www.nischke.de/leistungen/gasanlagen-berlin | https://de.linkedin.com/company/nischke,Nischke:LinkedIn المطابق يعرض2–10؛ عدد الحسابات المرتبطة ليس إجماليًا؛ إدارة ونماذج قائمة.,إجمالي كامل شامل المسؤولين والمكتب والمتدربين؛ فجوة خدمة خارج النموذج القائم.,,,,,,,لا إذن ترويج مثبت؛ النماذج والعناوين العامة ليست موافقة.,2026-09-28,.private/evidence/shk-run1-2026-09-28/raw/S12.json
W02,SAHR,WAITING FOR SPECIFIC EVIDENCE,no,https://www.sahr-berlin.de/,https://sahr-berlin.de/,SAHR:رقم7–10 السابق مرتبط بالمشروع؛ غير ثابت كعدد أشخاص الشركة؛ مسار مواعيد قائم.,إجمالي كامل دائم/حالي؛ فجوة استفسار خارج المواعيد.,,,,,,,لا إذن ترويج مثبت؛ النماذج والعناوين العامة ليست موافقة.,2026-09-28,.private/evidence/shk-run1-2026-09-28/raw/W02.json
W05,Böhme,WAITING FOR SPECIFIC EVIDENCE,no,https://boehme-shk.de/,https://boehme-shk.de/ | https://boehme-shk.de/ueber-uns/ | https://boehme-shk.de/sanitaer-installateur/ | https://heroautomation.jotform.com/262281973747974,Böhme:ستة موظفين مؤهلين؛ نموذج HERO/Jotform يستقبل Heizung/Reparaturauftrag/Wartung/Sanierung والعناوين والمرفقات.,فجوة محددة خارج نموذج الخدمة الحالي؛ تأكيد شمول جميع الأدوار في العدد. الحجم وحده لا يرقّي Q.,,,,,,,لا إذن ترويج مثبت؛ النماذج والعناوين العامة ليست موافقة.,2026-09-28,.private/evidence/shk-run1-2026-09-28/raw/W05.json
X-FHG,FHG Fürstenwalde,WAITING FOR SPECIFIC EVIDENCE,no,http://www.fhg24.com/,http://www.fhg24.com/,FHG Fürstenwalde:صفحة شركة قائمة؛ لا إجمالي كامل صالح للتأهيل.,إجمالي كامل حالي؛ صاحب القرار وملاءمة الخدمة الصغيرة ومسارها.,,,,,,,لا إذن ترويج مثبت؛ النماذج والعناوين العامة ليست موافقة.,2026-09-28,.private/evidence/shk-run1-2026-09-28/raw/X-FHG.json
X-his,his Perleberg,WAITING FOR SPECIFIC EVIDENCE,no,https://his-gmbh-perleberg.de/,https://his-gmbh-perleberg.de/,his Perleberg:الصفحة تقول7 موظفين؛ تقدير31 متعارض محفوظ؛ Axel Granzow؛ حمامات ومبان متعددة الوحدات.,إجمالي كامل حالي يحسم التعارض؛ ملاءمة الخدمة/الإصلاح ومخزون الاستفسارات؛ لا ترقية من الرقم الأدنى.,,,,,,,لا إذن ترويج مثبت؛ النماذج والعناوين العامة ليست موافقة.,2026-09-28,.private/evidence/shk-run1-2026-09-28/raw/X-his.json
X-HSE-Potsdam,HSE Haus Service Erol,WAITING FOR SPECIFIC EVIDENCE,no,https://hse-potsdam.de/,https://hse-potsdam.de/ | https://hse-potsdam.de/team/ | https://de.linkedin.com/company/hse---haus-service-erol,Cengiz Erol/HSE Potsdam:صيانة ونموذج؛ ليست HSE Rathenow المؤهلة.,إجمالي كامل حالي؛ تفاصيل استقبال الخدمة.,,,,,,,لا إذن ترويج مثبت؛ النماذج والعناوين العامة ليست موافقة.,2026-09-28,.private/evidence/shk-run1-2026-09-28/raw/X-HSE-Potsdam.json
X-Lohn,Lohn Heiztechnik,WAITING FOR SPECIFIC EVIDENCE,no,https://heiztechnik-brandenburg.de/,https://heiztechnik-brandenburg.de/,Paul Lohn/Brandenburg an der Havel:إصلاح وصيانة ونموذج عام؛ لا إجمالي.,إجمالي كامل حالي؛ لا حاجة لإعادة بحث المسار العام دون دليل جديد.,,,,,,,لا إذن ترويج مثبت؛ النماذج والعناوين العامة ليست موافقة.,2026-09-28,.private/evidence/shk-run1-2026-09-28/raw/X-Lohn.json
X-Menz,Christian Menz,WAITING FOR SPECIFIC EVIDENCE,no,https://menz-haustechnik.de/,https://menz-haustechnik.de/,Christian Menz/Beelitz:خدمة وصيانة وإصلاح معلنة؛ فريق بلا رقم.,إجمالي كامل حالي؛ تفاصيل مسار الخدمة.,,,,,,,لا إذن ترويج مثبت؛ النماذج والعناوين العامة ليست موافقة.,2026-09-28,.private/evidence/shk-run1-2026-09-28/raw/X-Menz.json
X-Schirmel,Schirmel,WAITING FOR SPECIFIC EVIDENCE,no,https://www.schirmel-haustechnik.de/,https://www.schirmel-haustechnik.de/ | https://www.schirmel-haustechnik.de/ueber-uns/ | https://de.linkedin.com/company/martin-schirmel-installationen,Martin Schirmel/Massen:خدمة وقرائن رعاية عملاء إدارية؛ توظيف المكتب ليس حجمًا ولا طلبًا على المنتج.,إجمالي كامل حالي؛ تفاصيل استقبال الخدمة.,,,,,,,لا إذن ترويج مثبت؛ النماذج والعناوين العامة ليست موافقة.,2026-09-28,.private/evidence/shk-run1-2026-09-28/raw/X-Schirmel.json
X-Schultchen,Schultchen Sanitär-Heizung-Lüftung / Marcel Schultchen,STRICT QUALIFIED,yes,https://www.schultchen-sanitaer-heizung-lueftung.de/,https://www.schultchen-sanitaer-heizung-lueftung.de/%C3%BCber-uns/ | https://www.schultchen-sanitaer-heizung-lueftung.de/kontakt/ | https://www.schultchen-sanitaer-heizung-lueftung.de/impressum/,حُسمت بوابة الاستقبال السابقة: أداة عروض التدفئة منفصلة؛ نموذج الاتصال العام يستقبل مشروعات الحمامات. لا ادعاء فجوة في أداة التدفئة.,لا بوابة تأهيل ICP متبقية للنطاق المحدد؛ الألم والحجم الفعلي للاستفسارات والإذن التجاري لم تُثبت، فلا ACCESS-READY.,"Zum Wasserwerk1,03099 Kolkwitz OT Eichow, Brandenburg",تجديد حمامات وتدفئة وتهوية ومناخ؛ حمامات ميسرة.,الصفحة الذاتية الحالية تقول8 موظفين؛ حتى مع إضافة المالك يكون9؛ بيان ذاتي غير مؤرخ وغير مدقق مستقلًا.,Marcel Schultchen — Inhaber، مثبت في Impressum.,استفسارات مشروعات تجديد/تيسير الحمامات غير الطارئة؛ نموذج عام Name/E-Mail/Nachricht دون تشخيص نوعي؛ فرضية فائدة لا إثبات ألم أو طلب شراء.,تقديم طوعي بموافقة المستلم أو استفسار يبدأه العميل؛ مسار بريدي محتمل فقط بعد تحقق واعتماد منفصل وفق قواعد المشروع؛ لا إذن مستنتج من البريد/النموذج.,لا إذن ترويج مثبت؛ النماذج والعناوين العامة ليست موافقة.,2026-09-28,.private/evidence/shk-run1-2026-09-28/raw/X-Schultchen.json
X-Service2000,SERVICE 2000,WAITING FOR SPECIFIC EVIDENCE,no,https://www.service2000-gmbh.de/,https://www.service2000-gmbh.de/ | https://www.service2000-gmbh.de/index.html | https://de.linkedin.com/company/service-2000-gesellschaft-für-versorgungsanlagen-mbh,SERVICE2000:Linda Thies وخدمة وإصلاح وصيانة ونموذج عام؛ لا إجمالي.,إجمالي كامل حالي؛ لا تحويل الطوارئ إلى وعد استجابة آلية.,,,,,,,لا إذن ترويج مثبت؛ النماذج والعناوين العامة ليست موافقة.,2026-09-28,.private/evidence/shk-run1-2026-09-28/raw/X-Service2000.json
X-Zierenberg,Zierenberg,WAITING FOR SPECIFIC EVIDENCE,no,https://haustechnik-zierenberg.de/,https://haustechnik-zierenberg.de/ | https://de.linkedin.com/company/zierenberg-haustechnik-gmbh,Zierenberg:إصلاح وصيانة مع أداة تدفئة ومواعيد؛ الكيان غير Schiemann.,إجمالي كامل حالي؛ نوع خدمة غير مغطى بالأداة/المواعيد.,,,,,,,لا إذن ترويج مثبت؛ النماذج والعناوين العامة ليست موافقة.,2026-09-28,.private/evidence/shk-run1-2026-09-28/raw/X-Zierenberg.json
